{
  "DRD ANISAM GARDENS": [
    10.9888056,
    76.8091389
  ],
  "DRD BALADHANDAYUTHABANI GARDEN": [
    10.9668608,
    76.8337816
  ],
  "DRD KANDA ENCLAVE": null,
  "DRD KUMARAN GARDEN": [
    10.9552917,
    76.8900218
  ],
  "DRD SHANMUGA GARDEN": [
    10.9620978,
    76.8831104
  ],
  "DRD SKANDA ENCLAVE": [
    10.9632537,
    76.8194371
  ],
  "DRD VELAVAN GARDEN": [
    10.9544847,
    76.8601452
  ]
}